{
  "lang":"pt",
  "name":"pipeline",
  "version":"0.0.0",
  "spacy_version":">=3.4.4,<3.5.0",
  "description":"",
  "author":"",
  "email":"",
  "url":"",
  "license":"",
  "spacy_git_version":"Unknown",
  "vectors":{
    "width":0,
    "vectors":0,
    "keys":0,
    "name":null,
    "mode":"default"
  },
  "labels":{
    "tok2vec":[

    ],
    "ner":[
      "JURISPRUDENCIA",
      "LEGISLACAO",
      "LOCAL",
      "ORGANIZACAO",
      "PESSOA",
      "TEMPO"
    ]
  },
  "pipeline":[
    "tok2vec",
    "ner"
  ],
  "components":[
    "tok2vec",
    "ner"
  ],
  "disabled":[

  ],
  "performance":{
    "ents_f":0.7905181918,
    "ents_p":0.7922651934,
    "ents_r":0.7887788779,
    "ents_per_type":{
      "ORGANIZACAO":{
        "p":0.7589928058,
        "r":0.752228164,
        "f":0.7555953447
      },
      "JURISPRUDENCIA":{
        "p":0.7453703704,
        "r":0.7777777778,
        "f":0.7612293144
      },
      "PESSOA":{
        "p":0.8196202532,
        "r":0.835483871,
        "f":0.8274760383
      },
      "LEGISLACAO":{
        "p":0.7572115385,
        "r":0.7934508816,
        "f":0.7749077491
      },
      "LOCAL":{
        "p":0.8533333333,
        "r":0.5871559633,
        "f":0.6956521739
      },
      "TEMPO":{
        "p":0.9220779221,
        "r":0.9102564103,
        "f":0.9161290323
      }
    },
    "tok2vec_loss":669.4307051628,
    "ner_loss":1243.2631018141
  }
}